step,loss,elapsed_s
100,0.080266,8.2
200,0.080193,16.3
300,0.042158,24.3
400,0.094387,32.3
500,0.094402,40.3
600,0.040384,48.3
700,0.089893,56.4
800,0.068976,64.4
900,0.078079,72.4
1000,0.105909,80.5
1100,0.065644,88.5
1200,0.052663,96.5
1300,0.070162,104.5
1400,0.071054,112.5
1500,0.056921,120.5
1600,0.052848,128.5
1700,0.058718,136.6
1800,0.046706,144.6
1900,0.057727,152.6
2000,0.068004,160.6
2100,0.093086,168.6
2200,0.066894,176.6
2300,0.088625,184.6
2400,0.069916,192.6
2500,0.084689,200.6
2600,0.059514,208.7
2700,0.064096,216.7
2800,0.058355,224.7
2900,0.061614,232.7
3000,0.064581,240.7
3100,0.064900,248.7
3200,0.085065,256.7
3300,0.062334,264.7
3400,0.089053,272.8
3500,0.057477,280.8
3600,0.086581,288.8
3700,0.077200,296.8
3800,0.064922,304.8
3900,0.069818,312.8
4000,0.060431,320.8
4100,0.069620,328.8
4200,0.079225,336.9
4300,0.081155,344.9
4400,0.059293,352.9
4500,0.053604,360.9
4600,0.070300,368.9
4700,0.106392,376.9
4800,0.087044,384.9
4900,0.071761,393.0
5000,0.059683,401.0
5100,0.074438,409.0
5200,0.057926,417.1
5300,0.076316,425.1
5400,0.068561,433.1
5500,0.063566,441.1
5600,0.054450,449.1
5700,0.064334,457.1
5800,0.105533,465.1
5900,0.099477,473.1
6000,0.054692,481.2
6100,0.068306,489.2
6200,0.056020,497.2
6300,0.098540,505.2
6400,0.086663,513.2
6500,0.077274,521.2
6600,0.069340,529.2
6700,0.053953,537.2
6800,0.071295,545.3
6900,0.073401,553.3
7000,0.068033,561.3
7100,0.070939,569.4
7200,0.064664,577.4
7300,0.054989,585.4
7400,0.065330,593.4
7500,0.057640,601.4
7600,0.078617,609.5
7700,0.081552,617.5
7800,0.104781,625.5
7900,0.083293,633.5
8000,0.093920,641.5
8100,0.079670,649.5
8200,0.073555,657.6
8300,0.071323,665.6
8400,0.062673,673.6
8500,0.059816,681.6
8600,0.066373,689.6
8700,0.079813,697.6
8800,0.057379,705.6
8900,0.100608,713.6
9000,0.084760,721.7
9100,0.068915,729.7
9200,0.077620,737.7
9300,0.107573,745.7
9400,0.075902,753.7
9500,0.082526,761.7
9600,0.070680,769.7
9700,0.068847,777.7
9800,0.071374,785.7
9900,0.066118,793.8
10000,0.097151,801.8
10100,0.075964,809.8
10200,0.055003,817.9
10300,0.068362,825.9
10400,0.087799,833.9
10500,0.059626,841.9
10600,0.060733,849.9
10700,0.059477,857.9
10800,0.123030,865.9
10900,0.061704,873.9
11000,0.086810,881.9
11100,0.071142,890.0
11200,0.051784,898.0
11300,0.060361,906.0
11400,0.071373,914.0
11500,0.050347,922.0
11600,0.084514,930.0
11700,0.076922,938.1
11800,0.057221,946.1
11900,0.067126,954.1
12000,0.064270,962.1
12100,0.092897,970.1
12200,0.063181,978.1
12300,0.096998,986.2
12400,0.056691,994.2
12500,0.073688,1002.2
12600,0.078703,1010.2
12700,0.076362,1018.2
12800,0.080953,1026.2
12900,0.075344,1034.3
13000,0.089157,1042.3
13100,0.057680,1050.3
13200,0.080376,1058.3
13300,0.081512,1066.3
13400,0.088400,1074.4
13500,0.058978,1082.4
13600,0.064717,1090.4
13700,0.055496,1098.4
13800,0.077121,1106.4
13900,0.070713,1114.4
14000,0.066893,1122.5
14100,0.072159,1130.5
14200,0.059430,1138.5
14300,0.069443,1146.5
14400,0.061348,1154.5
14500,0.068780,1162.5
14600,0.099234,1170.5
14700,0.060846,1178.5
14800,0.088410,1186.6
14900,0.094425,1194.6
15000,0.063069,1202.6
15100,0.082668,1210.7
15200,0.088747,1218.7
15300,0.052997,1226.7
15400,0.082132,1234.7
15500,0.074052,1242.7
15600,0.070117,1250.7
15700,0.068556,1258.7
15800,0.059771,1266.8
15900,0.097237,1274.8
16000,0.055803,1282.8
16100,0.055065,1290.8
16200,0.062429,1298.8
16300,0.068924,1306.8
16400,0.043607,1314.8
16500,0.085774,1322.8
16600,0.076801,1330.9
16700,0.071194,1338.9
16800,0.054989,1346.9
16900,0.070817,1354.9
17000,0.057408,1362.9
17100,0.089524,1370.9
17200,0.078154,1378.9
17300,0.077115,1386.9
17400,0.079986,1395.0
17500,0.071488,1403.0
17600,0.077774,1411.0
17700,0.061011,1419.0
17800,0.074056,1427.0
17900,0.086320,1435.0
18000,0.055947,1443.0
18100,0.058291,1451.0
18200,0.073126,1459.1
18300,0.079728,1467.1
18400,0.091541,1475.1
18500,0.072203,1483.1
18600,0.063835,1491.1
18700,0.067972,1499.1
18800,0.054061,1507.1
18900,0.065742,1515.2
19000,0.065311,1523.2
19100,0.048842,1531.2
19200,0.064859,1539.2
19300,0.084442,1547.2
19400,0.084509,1555.2
19500,0.054468,1563.2
19600,0.063728,1571.2
19700,0.077913,1579.2
19800,0.046219,1587.3
19900,0.081795,1595.3
20000,0.063803,1603.3
20100,0.062487,1611.4
20200,0.074989,1619.4
20300,0.079137,1627.4
20400,0.058785,1635.4
20500,0.069426,1643.4
20600,0.056239,1651.4
20700,0.084473,1659.4
20800,0.075004,1667.5
20900,0.083697,1675.5
21000,0.053610,1683.5
21100,0.081605,1691.5
21200,0.077494,1699.5
21300,0.055494,1707.5
21400,0.093844,1715.5
21500,0.063312,1723.5
21600,0.089803,1731.5
21700,0.059951,1739.6
21800,0.074208,1747.6
21900,0.067168,1755.6
22000,0.066614,1763.6
22100,0.081359,1771.6
22200,0.056910,1779.6
22300,0.061781,1787.6
22400,0.084890,1795.6
22500,0.066825,1803.6
22600,0.069761,1811.7
22700,0.057995,1819.7
22800,0.079740,1827.7
22900,0.071621,1835.7
23000,0.047348,1843.7
23100,0.073828,1851.7
23200,0.086084,1859.7
23300,0.084707,1867.7
23400,0.071324,1875.7
23500,0.071298,1883.8
23600,0.068757,1891.8
23700,0.052708,1899.8
23800,0.060420,1907.8
23900,0.068361,1915.8
24000,0.056822,1923.8
24100,0.079951,1931.8
24200,0.073514,1939.8
24300,0.098360,1947.9
24400,0.073465,1955.9
24500,0.051442,1963.9
24600,0.084041,1971.9
24700,0.065050,1979.9
24800,0.050539,1987.9
24900,0.075051,1995.9
25000,0.064267,2003.9
25100,0.065170,2012.0
25200,0.085979,2020.1
25300,0.076830,2028.1
25400,0.085603,2036.1
25500,0.068888,2044.1
25600,0.062989,2052.1
25700,0.067490,2060.1
25800,0.083152,2068.2
25900,0.060088,2076.2
26000,0.087500,2084.2
26100,0.073355,2092.2
26200,0.105322,2100.2
26300,0.087957,2108.3
26400,0.052058,2116.3
26500,0.058419,2124.3
26600,0.092741,2132.3
26700,0.084643,2140.3
26800,0.077547,2148.3
26900,0.105101,2156.4
27000,0.085139,2164.4
27100,0.082636,2172.4
27200,0.061665,2180.4
27300,0.077013,2188.4
27400,0.109493,2196.4
27500,0.080034,2204.5
27600,0.074447,2212.5
27700,0.053179,2220.5
27800,0.075107,2228.5
27900,0.062721,2236.5
28000,0.068491,2244.5
28100,0.042764,2252.6
28200,0.054549,2260.6
28300,0.074116,2268.6
28400,0.067166,2276.6
28500,0.078592,2284.6
28600,0.064932,2292.6
28700,0.082460,2300.6
28800,0.066004,2308.7
28900,0.066063,2316.7
29000,0.079729,2324.7
29100,0.044652,2332.7
29200,0.051312,2340.7
29300,0.056695,2348.7
29400,0.087158,2356.7
29500,0.082445,2364.7
29600,0.058979,2372.8
29700,0.050481,2380.8
29800,0.065245,2388.8
29900,0.082520,2396.8
30000,0.067291,2404.8
