model,alpha,n,batch_size,gen_time_s,throughput_sps
CGAN,20.0,500,64,0.0821,6090.3
CGAN,30.0,500,64,0.044,11352.8
CGAN,40.0,500,64,0.0427,11704.0
CGAN,50.0,500,64,0.0428,11675.9
CGAN,60.0,500,64,0.0423,11807.4
CGAN,70.0,500,64,0.0444,11266.9
CGAN,80.0,500,64,0.0459,10881.8
CGAN,45.0,1,1,0.0021,477.2
DDIM-20,20.0,500,64,3.4761,143.8
DDIM-20,30.0,500,64,3.4752,143.9
DDIM-20,40.0,500,64,3.4972,143.0
DDIM-20,50.0,500,64,3.4981,142.9
DDIM-20,60.0,500,64,3.501,142.8
DDIM-20,70.0,500,64,3.5019,142.8
DDIM-20,80.0,500,64,3.5008,142.8
DDIM-20,45.0,1,1,0.1135,8.8
DDIM-50,20.0,500,64,8.7242,57.3
DDIM-50,30.0,500,64,8.7419,57.2
DDIM-50,40.0,500,64,8.7535,57.1
DDIM-50,50.0,500,64,8.752,57.1
DDIM-50,60.0,500,64,8.7455,57.2
DDIM-50,70.0,500,64,8.7378,57.2
DDIM-50,80.0,500,64,8.7334,57.3
DDIM-50,45.0,1,1,0.2839,3.5
DDIM-100,20.0,500,64,17.4516,28.7
DDIM-100,30.0,500,64,17.4498,28.7
DDIM-100,40.0,500,64,17.4549,28.6
DDIM-100,50.0,500,64,17.4516,28.7
DDIM-100,60.0,500,64,17.4678,28.6
DDIM-100,70.0,500,64,17.4636,28.6
DDIM-100,80.0,500,64,17.4934,28.6
DDIM-100,45.0,1,1,0.5764,1.7
DDPM-1000,20.0,500,64,175.2418,2.9
DDPM-1000,30.0,500,64,175.5138,2.8
DDPM-1000,40.0,500,64,175.27,2.9
DDPM-1000,50.0,500,64,175.2764,2.9
DDPM-1000,60.0,500,64,175.6376,2.8
DDPM-1000,70.0,500,64,175.1114,2.9
DDPM-1000,80.0,500,64,175.5238,2.8
DDPM-1000,45.0,1,1,5.7225,0.2
