step,d_loss,g_loss,w_dist,mono,elapsed_s
100,-9.8251,-19.4106,10.5548,0.000000,28.2
200,-6.7949,-11.2447,9.6923,0.000000,56.2
300,-12.4093,-13.5135,17.4807,0.000031,83.9
400,-7.2589,0.1245,9.3942,0.000608,111.7
500,-9.4788,-1.0811,10.5540,0.000000,139.5
600,-9.1683,-25.0050,10.7599,0.000000,167.3
700,-6.9590,-10.0496,7.5170,0.000000,195.1
800,-7.3342,12.6787,8.6719,0.000000,222.9
900,-6.7144,10.7376,7.6403,0.000000,250.7
1000,-7.1666,4.8110,9.1490,0.000000,278.5
1100,-8.7214,10.4216,10.1697,0.000000,306.4
1200,-7.0318,14.4960,7.7746,0.000000,334.1
1300,-7.0702,9.2083,7.7126,0.000000,361.9
1400,-8.0929,18.3386,9.4387,0.000000,389.7
1500,-7.3582,23.6552,8.1927,0.000000,417.5
1600,-7.1399,16.1017,8.0841,0.000000,445.4
1700,-7.3881,10.0634,8.7685,0.000000,473.2
1800,-7.1659,12.1870,8.2800,0.000000,501.0
1900,-7.0273,21.4142,8.6880,0.000000,528.8
2000,-7.5246,15.8555,8.8582,0.000000,556.6
2100,-7.7676,2.4071,9.5476,0.000000,584.4
2200,-7.1384,8.1536,7.9445,0.000000,612.2
2300,-5.8537,16.2968,7.5032,0.000000,640.1
2400,-6.3962,18.3537,7.0245,0.000000,667.9
2500,-8.1355,3.8512,10.1859,0.000000,695.7
2600,-6.7903,1.9427,8.7657,0.000102,723.5
2700,-7.1212,0.1690,8.0938,0.000000,751.3
2800,-6.2592,10.8587,7.0411,0.000000,779.1
2900,-7.6553,6.0105,8.7724,0.000000,806.9
3000,-7.6786,17.8674,8.6756,0.000000,834.7
3100,-7.0252,-2.3363,8.5841,0.000075,862.5
3200,-7.0387,-0.3210,8.1516,0.000000,890.3
3300,-6.3659,5.4043,7.6301,0.000000,918.1
3400,-5.7196,7.9749,7.0196,0.000000,946.0
3500,-7.5325,5.4415,9.0225,0.000000,974.0
3600,-8.0873,6.1879,9.7946,0.000000,1001.9
3700,-7.5991,0.5634,7.9138,0.000052,1029.8
3800,-7.4358,3.3818,8.8858,0.000091,1057.7
3900,-6.1122,0.4022,7.1694,0.000000,1085.6
4000,-7.3551,8.0588,8.4750,0.000000,1113.4
4100,-5.9865,1.1116,7.0957,0.000000,1141.3
4200,-7.5160,-1.6235,8.6111,0.000000,1169.1
4300,-5.6555,0.8806,7.3318,0.000000,1196.8
4400,-5.7485,3.3560,7.1946,0.000000,1224.6
4500,-5.1097,5.4109,5.7291,0.000000,1252.4
4600,-7.5953,7.2758,9.0158,0.000000,1280.2
4700,-7.3991,13.4873,8.7212,0.000000,1308.0
4800,-7.1973,1.5140,7.8801,0.000000,1335.8
4900,-7.2917,-0.2426,8.5736,0.000006,1363.7
5000,-6.9045,2.9442,8.3223,0.000000,1391.5
5100,-6.4030,6.4717,8.1344,0.000000,1419.3
5200,-7.0979,7.5052,9.3055,0.000000,1447.1
5300,-6.2007,10.2740,9.4385,0.000000,1474.9
5400,-5.9079,-2.9270,7.7730,0.000000,1502.8
5500,-5.9591,2.2631,7.3687,0.000000,1530.6
5600,-6.2974,4.3447,6.6978,0.014499,1558.4
5700,-6.7351,11.6348,7.8296,0.000039,1586.2
5800,-9.1945,14.9810,10.9261,0.000032,1614.1
5900,-6.2064,0.6989,6.8188,0.000040,1641.9
6000,-8.3686,6.0467,9.3183,0.030067,1669.7
6100,-7.3623,3.9253,8.4954,0.000000,1697.5
6200,-7.6053,12.6312,8.8157,0.000000,1725.4
6300,-6.2620,12.2497,7.3735,0.000000,1753.2
6400,-6.6187,4.7947,8.4833,0.000198,1781.0
6500,-5.0808,10.9376,6.7588,0.000000,1808.8
6600,-6.4494,0.1989,7.2510,0.000000,1836.6
6700,-8.1370,18.5909,9.4713,0.000000,1864.4
6800,-7.0797,6.8151,8.3722,0.000000,1892.2
6900,-7.3770,10.1653,8.1928,0.000000,1920.0
7000,-6.4194,15.1132,6.7133,0.000000,1947.9
7100,-6.7290,18.3723,7.7795,0.000000,1975.7
7200,-7.5422,10.7905,8.6866,0.000000,2002.4
7300,-6.8984,13.3623,7.7534,0.000000,2030.2
7400,-7.0796,14.5472,7.7086,0.000000,2057.9
7500,-7.5762,15.9551,8.4932,0.000000,2085.7
7600,-7.3923,11.8378,8.9248,0.000000,2113.5
7700,-6.4360,13.9340,7.6410,0.000000,2141.3
7800,-6.8258,11.2997,7.6504,0.000000,2169.1
7900,-6.1908,12.3042,7.0700,0.000000,2196.9
8000,-5.8718,6.6104,7.1410,0.000000,2224.7
8100,-6.5906,3.7476,7.3228,0.000000,2252.5
8200,-6.1916,5.4107,7.0194,0.000000,2280.3
8300,-8.5668,-5.5975,9.7247,0.000000,2308.1
8400,-5.7523,-0.7180,6.5768,0.000000,2335.9
8500,-5.2032,4.2421,6.5298,0.000000,2363.7
8600,-7.3279,2.6269,8.6242,0.000000,2391.5
8700,-7.4959,12.0877,8.9552,0.000000,2419.3
8800,-6.3863,-1.5340,6.8908,0.000000,2447.1
8900,-4.9283,0.0018,6.5873,0.000000,2474.9
9000,-5.3462,4.2549,6.0702,0.000119,2502.7
9100,-6.6495,-0.2040,7.5978,0.000000,2530.5
9200,-7.3992,-0.7839,9.1685,0.000000,2558.3
9300,-5.6617,-1.5488,7.0301,0.000232,2586.1
9400,-7.1468,2.1191,8.7264,0.001976,2613.9
9500,-7.2065,-5.8332,8.8668,0.001498,2641.7
9600,-7.5495,-4.6990,8.7690,0.000238,2669.4
9700,-6.2481,-3.5726,7.4060,0.000000,2697.3
9800,-6.8015,-6.7775,7.3647,0.000000,2725.1
9900,-6.4268,-6.3272,6.7161,0.000000,2752.9
10000,-7.6770,2.3868,8.1716,0.000000,2780.7
10100,-7.4682,1.3216,8.6947,0.000000,2808.5
10200,-6.6949,-7.8500,8.4159,0.000000,2836.3
10300,-6.2317,-6.9506,7.8948,0.000000,2864.1
10400,-6.5408,10.9396,8.1552,0.000000,2891.9
10500,-6.3798,-1.9324,7.1679,0.000000,2919.7
10600,-6.7193,7.3874,7.5388,0.000000,2947.5
10700,-6.9553,-3.0673,8.2543,0.000000,2975.4
10800,-7.1661,-0.8947,8.1276,0.000008,3003.2
10900,-7.1861,4.3184,8.2531,0.000000,3031.0
11000,-6.8172,2.9263,7.5175,0.000000,3058.8
11100,-6.4014,1.7519,8.5036,0.000000,3086.6
11200,-6.6744,11.0635,7.4258,0.000212,3114.4
11300,-6.7943,6.6877,8.4234,0.000000,3142.2
11400,-6.1646,1.8842,7.2320,0.000000,3170.0
11500,-6.5264,-0.0651,7.1696,0.000137,3197.8
11600,-6.9607,5.4347,7.4401,0.000000,3225.6
11700,-7.0447,3.0210,7.8876,0.000000,3253.4
11800,-6.3018,5.1123,7.6053,0.000000,3281.2
11900,-6.9723,2.4991,8.4209,0.000000,3309.0
12000,-7.5507,9.6977,9.3359,0.000000,3336.8
12100,-5.6709,11.3802,7.2389,0.004534,3364.6
12200,-5.1475,8.4789,6.0196,0.005004,3392.4
12300,-7.1226,-0.7107,8.5042,0.000714,3420.2
12400,-7.7933,7.7748,9.7876,0.000000,3448.0
12500,-7.5981,14.2196,8.9392,0.000033,3475.8
12600,-6.1935,1.6805,7.2196,0.000000,3503.6
12700,-6.9277,5.3105,8.1783,0.000000,3531.4
12800,-8.9879,14.0464,9.6765,0.000000,3559.2
12900,-7.3508,11.7572,8.0582,0.000000,3587.0
13000,-6.7632,14.3542,8.3148,0.000000,3614.8
13100,-7.2120,7.3316,8.4769,0.000000,3642.6
13200,-5.6438,7.0940,7.0678,0.000065,3670.4
13300,-5.9692,8.2504,6.5659,0.000000,3698.2
13400,-5.7522,13.5917,6.5149,0.000201,3726.0
13500,-7.9559,5.5157,8.8717,0.000000,3753.8
13600,-7.0578,9.5134,7.7822,0.000000,3781.6
13700,-7.5590,10.7435,8.3365,0.000000,3809.4
13800,-8.4021,6.0015,9.3853,0.000000,3837.2
13900,-7.4461,3.1797,8.8462,0.000000,3865.0
14000,-6.3685,5.0821,7.9303,0.000057,3892.8
14100,-5.5099,7.0891,7.2354,0.000000,3920.6
14200,-6.9788,3.4234,8.2986,0.000054,3948.4
14300,-5.9976,11.4346,7.5861,0.000116,3976.2
14400,-6.6427,5.4322,7.6559,0.000000,4004.0
14500,-8.2813,5.7536,9.2902,0.001274,4031.8
14600,-8.4892,11.0994,9.6017,0.000000,4059.6
14700,-6.5656,9.4568,8.4524,0.000000,4087.4
14800,-6.9541,13.6012,8.2794,0.000394,4115.2
14900,-7.0341,9.7859,8.3804,0.000087,4143.0
15000,-7.7064,18.8875,8.7133,0.000000,4170.8
15100,-5.7865,11.8576,6.3429,0.000000,4198.7
15200,-6.2982,11.0826,7.1868,0.000000,4226.5
15300,-7.2369,12.2675,7.7789,0.000000,4254.3
15400,-6.1853,11.9206,7.1784,0.000000,4282.1
15500,-6.2710,11.6740,7.1618,0.000000,4309.9
15600,-7.4376,8.2235,8.3379,0.000000,4337.7
15700,-4.8854,9.1634,6.5787,0.000000,4365.5
15800,-6.0739,7.9425,7.5668,0.000000,4393.2
15900,-5.9132,6.8569,7.1593,0.000000,4421.0
16000,-7.1117,1.6053,7.8917,0.000000,4448.8
16100,-6.6102,9.6174,7.5822,0.000302,4476.6
16200,-6.6866,11.0952,7.5714,0.000000,4504.4
16300,-6.7090,11.8932,7.7690,0.000366,4532.2
16400,-7.1999,18.9957,8.3800,0.000018,4560.0
16500,-6.6458,18.5480,7.3873,0.001197,4587.8
16600,-8.5301,17.0974,9.9521,0.000000,4615.6
16700,-5.7205,19.0776,6.4408,0.000000,4643.4
16800,-7.5987,11.2407,9.2885,0.000000,4671.2
16900,-7.3888,5.6672,8.4649,0.000000,4699.0
17000,-5.5340,15.9885,7.0750,0.000000,4726.8
17100,-6.7592,7.8391,7.5719,0.000000,4754.6
17200,-7.8168,16.9142,10.2268,0.000000,4782.4
17300,-5.5679,14.8632,6.6580,0.000016,4810.2
17400,-6.1548,12.9924,7.0754,0.000000,4838.0
17500,-6.7552,15.5300,7.5922,0.000000,4865.8
17600,-6.4666,10.7711,7.2411,0.000000,4893.6
17700,-6.5809,7.7095,7.1323,0.000000,4921.4
17800,-6.6826,9.5746,7.8621,0.000000,4949.2
17900,-7.1524,9.9269,7.8541,0.000106,4977.0
18000,-5.3926,7.9523,6.1058,0.000000,5004.8
18100,-6.5997,4.4887,8.0466,0.000000,5032.6
18200,-7.4383,7.6597,8.2046,0.000000,5060.4
18300,-6.8566,7.4466,8.1725,0.000000,5088.2
18400,-6.7831,10.5100,7.5960,0.000000,5116.0
18500,-7.2974,5.7034,8.2110,0.000000,5143.8
18600,-6.4157,4.8765,7.6857,0.000013,5171.6
18700,-5.3743,8.2870,6.3462,0.000000,5199.4
18800,-7.0242,7.5336,10.1961,0.000000,5227.2
18900,-7.4699,11.8623,8.3427,0.000000,5255.2
19000,-6.3485,4.8951,7.8772,0.000000,5283.2
19100,-6.5568,9.0614,7.8779,0.000000,5311.1
19200,-6.4887,6.1414,8.0588,0.000000,5338.9
19300,-6.4375,2.5680,7.4622,0.000000,5366.6
19400,-6.6917,6.5920,7.2507,0.000000,5394.5
19500,-5.9177,7.3113,6.6347,0.000000,5422.3
19600,-6.1505,9.1671,7.4448,0.000000,5450.1
19700,-6.1547,6.0225,6.3322,0.000000,5477.9
19800,-6.0875,11.4608,7.4339,0.000000,5505.7
19900,-5.5719,5.3275,6.9643,0.000000,5533.5
20000,-8.1823,4.8485,9.5220,0.000000,5561.3
20100,-7.3164,13.8935,8.2672,0.000122,5589.2
20200,-6.1420,14.1920,6.5077,0.000728,5617.0
20300,-7.8647,15.5930,9.1630,0.007157,5644.8
20400,-6.4602,15.3036,7.7649,0.000000,5672.6
20500,-7.1906,18.0987,8.6930,0.000365,5700.4
20600,-6.7001,24.9302,8.0845,0.000000,5728.2
20700,-7.0847,21.7571,8.3470,0.000000,5756.0
20800,-8.1730,18.0337,9.1514,0.000000,5783.8
20900,-6.6454,21.0709,7.2958,0.000000,5811.6
21000,-7.6937,26.3803,8.4865,0.000000,5839.4
21100,-6.9055,25.7735,7.4075,0.000000,5867.2
21200,-6.5478,18.5395,8.2831,0.000000,5894.9
21300,-5.8230,22.0143,6.3984,0.000000,5922.7
21400,-5.4284,19.3024,7.0519,0.000146,5950.6
21500,-6.9409,25.9618,8.5780,0.000000,5978.4
21600,-6.4646,24.7449,7.2144,0.000000,6006.2
21700,-6.4799,26.7146,7.5151,0.000000,6033.9
21800,-7.5619,23.6304,8.4654,0.000000,6061.7
21900,-7.2066,23.8316,8.2840,0.000000,6089.5
22000,-7.7196,29.9461,8.7202,0.000000,6117.3
22100,-6.3471,15.1972,6.8450,0.000000,6145.1
22200,-6.5999,32.7199,7.3605,0.000000,6172.9
22300,-6.7845,13.4406,7.5721,0.000000,6200.7
22400,-6.2828,16.8500,7.2823,0.003823,6228.5
22500,-8.5619,19.3139,9.7250,0.026055,6256.3
22600,-6.4858,16.5799,7.4434,0.000000,6284.1
22700,-7.3857,19.9534,8.3840,0.000000,6311.9
22800,-6.5136,22.4691,7.7780,0.000000,6339.8
22900,-8.0656,18.0898,9.1005,0.000000,6367.6
23000,-7.5381,23.9469,8.9102,0.000000,6395.4
23100,-7.4562,23.8265,9.0555,0.000065,6423.2
23200,-6.0616,21.0398,6.6479,0.000000,6451.0
23300,-7.4276,21.6545,9.1877,0.000000,6478.8
23400,-6.6987,30.2428,7.3152,0.000000,6506.6
23500,-7.2423,20.8580,8.1846,0.000000,6534.4
23600,-7.7514,22.1624,9.1055,0.000000,6562.2
23700,-7.9243,21.5732,9.2144,0.000000,6590.1
23800,-6.1899,23.3092,7.0695,0.000000,6617.9
23900,-7.6063,29.2995,8.8016,0.000000,6645.7
24000,-6.2088,29.2050,7.9486,0.000005,6673.5
24100,-6.5021,23.5288,7.8714,0.005084,6701.3
24200,-5.7454,33.1349,6.6791,0.000000,6729.1
24300,-6.8107,25.2919,7.6437,0.000000,6756.9
24400,-8.6928,26.8369,9.5499,0.000000,6784.7
24500,-6.6629,27.2325,7.6877,0.000000,6812.5
24600,-6.7479,23.2727,8.1801,0.000000,6840.3
24700,-7.7409,30.2767,8.3612,0.000000,6868.1
24800,-6.5894,30.4473,7.6256,0.000000,6895.9
24900,-7.0926,29.6884,7.7424,0.000000,6923.7
25000,-5.9071,27.9454,7.0112,0.000000,6951.5
25100,-6.4816,30.2229,7.7526,0.017145,6979.3
25200,-7.1130,29.6941,7.7958,0.000000,7007.1
25300,-6.7609,28.0169,8.0351,0.000000,7034.9
25400,-7.5085,31.9587,7.9708,0.000000,7062.7
25500,-7.7736,34.3580,8.9287,0.000508,7090.5
25600,-7.1901,34.4228,8.2261,0.000000,7118.3
25700,-7.0355,34.5002,7.9487,0.000000,7146.1
25800,-7.5518,34.3493,8.1582,0.000000,7173.9
25900,-7.4850,27.2264,8.3617,0.000000,7201.7
26000,-6.0028,38.0599,7.5512,0.000000,7229.5
26100,-7.2798,34.2722,8.0309,0.000000,7257.3
26200,-6.2168,39.4408,6.5958,0.000000,7285.1
26300,-7.3612,28.7745,7.9535,0.000000,7312.9
26400,-6.2894,34.5818,7.4648,0.000000,7340.7
26500,-6.6550,27.9348,7.2466,0.000000,7368.5
26600,-6.1119,33.3627,6.7498,0.000000,7396.3
26700,-6.3950,31.3838,7.3406,0.000000,7424.1
26800,-6.7208,35.8282,8.0022,0.000000,7451.9
26900,-6.5288,26.4589,7.7403,0.000000,7479.7
27000,-5.5130,31.4834,6.5668,0.000000,7507.4
27100,-5.3368,31.2458,6.2314,0.000000,7535.2
27200,-6.4596,32.7656,6.8706,0.000000,7563.0
27300,-6.7571,30.9391,7.0750,0.000000,7590.8
27400,-6.8668,36.0278,7.1250,0.000000,7618.6
27500,-6.0850,36.6870,7.7005,0.000000,7646.4
27600,-5.9115,24.7350,6.6828,0.000000,7674.2
27700,-7.4672,27.4558,8.2372,0.000000,7702.0
27800,-6.8208,24.1342,7.9413,0.000000,7729.8
27900,-6.6207,22.8754,7.5370,0.040051,7757.7
28000,-5.7982,30.8087,7.0853,0.000000,7785.5
28100,-6.6405,26.1264,8.2406,0.000068,7813.3
28200,-7.1489,24.3705,7.8246,0.000000,7841.1
28300,-7.2156,30.7936,8.6555,0.000000,7868.9
28400,-7.8224,23.2930,8.7369,0.000000,7896.7
28500,-5.8616,28.5176,7.3377,0.000000,7924.6
28600,-8.6293,28.0284,9.7593,0.000000,7952.4
28700,-6.6295,26.6837,7.0935,0.000000,7980.2
28800,-7.1488,31.9822,8.5274,0.000000,8008.0
28900,-6.7716,31.7819,8.3814,0.000000,8035.8
29000,-6.6838,38.2430,8.1044,0.000000,8063.6
29100,-6.2602,30.5585,7.1164,0.000000,8091.5
29200,-6.1298,28.9985,7.4033,0.000000,8119.3
29300,-7.6080,29.6772,8.6000,0.000000,8147.1
29400,-7.5467,35.8574,8.3422,0.000000,8174.9
29500,-5.9156,30.6094,6.6178,0.000000,8202.7
29600,-6.2049,27.8342,6.8672,0.000000,8230.5
29700,-7.2494,28.2207,7.9942,0.000000,8258.3
29800,-7.2669,27.8990,8.6781,0.000000,8286.1
29900,-7.4711,29.6420,8.4882,0.000000,8313.9
30000,-7.6809,35.5413,8.9023,0.000578,8341.7
