alpha,ks,pdf_l1,wasserstein,mean_rel,std_rel,logmean_ref,logmean_gen,logstd_ref,logstd_gen,skew_ref,skew_gen,kurt_ref,kurt_gen,q1_ref,q5_ref,q25_ref,q50_ref,q75_ref,q95_ref,q99_ref,q1_gen,q5_gen,q25_gen,q50_gen,q75_gen,q95_gen,q99_gen
20.0,0.226312,0.451972,0.16294153140648732,0.3398967616827052,0.20985833754825436,-0.9303954435426874,-0.6173946768990527,0.666661719242921,0.6496131164553394,-0.7362836893854312,-1.148829707168982,1.6075825148380503,3.278888894880403,0.056382507857850594,0.12334910993973408,0.26861013400846245,0.416037885405488,0.6232356088050306,1.047828929069155,1.4383958045485687,0.07009345460660758,0.1684537255465099,0.38617138108427734,0.5869836523584351,0.833653681969243,1.309736333076369,1.752389212140111
21.0,0.14755000000000007,0.2941294814435546,0.0929496355931643,0.1853933046001186,0.07459448089664976,-0.8819414426769011,-0.6911161478784309,0.6623453531698077,0.642098599876298,-0.7633140735497022,-1.1521787130503856,1.5952041904966245,3.2756656276008256,0.05922287371625416,0.1296124573479808,0.2832442324442846,0.43853171922485934,0.654442877609484,1.0855571455041606,1.4642559836393003,0.0670662279716313,0.1572523917471096,0.3607033385696596,0.5451168446075899,0.7721674364326697,1.1966371340027282,1.576044241218412
22.0,0.07632,0.16345913044278265,0.03579210180431976,0.05681969668613062,0.047128792776319324,-0.8332852672311084,-0.756292757170741,0.6557812373900225,0.6325091029214085,-0.7450434338719365,-1.1067102452116435,1.642218447200615,3.065518092286241,0.06409980111421718,0.13819786178664015,0.2984482483614909,0.45861363555353185,0.6808964281909551,1.137824916918348,1.5471206567136884,0.0654403463061528,0.1505858287248796,0.33761087910406196,0.5107503863826683,0.7167684397072007,1.1145639531715348,1.4849581019275369
25.0,0.13830200000000004,0.275892,0.10598007368227892,0.17942117523605047,0.26997082969821884,-0.7073001068142631,-0.870705388777021,0.6434377540967288,0.5811115817607901,-0.7888663720239827,-0.9402243938807763,1.7737292841773566,2.5015891445731606,0.0747922856864705,0.15923594685795445,0.3421812038677183,0.5220323644502565,0.7673433755293128,1.251971097353343,1.6950682363976894,0.07299977068328223,0.1492975841288814,0.3063400900252691,0.4467745069062299,0.6164025134561593,0.9528289879865998,1.2794236166592514
30.0,0.03970400000000007,0.09317599999999998,0.03452660954533832,0.04381571794604028,0.11707242952357384,-0.5328497149263457,-0.5545741155261956,0.6101239328267819,0.5625239916600073,-0.8297882040437627,-0.8187925971531141,1.960155025420132,1.8327938825482715,0.09674249521272268,0.2005678168171446,0.4160594841491102,0.620608451561057,0.8927561925391994,1.4145906090625011,1.8708691755560898,0.10979263387147291,0.21118555855565063,0.4201659375634184,0.6069988765601801,0.8413843106130936,1.2937951883648893,1.689247709636958
40.0,0.035918000000000005,0.082856,0.027610851007002207,0.030359671945487676,0.07863790608262422,-0.3078131078818308,-0.3272765713140138,0.5280725594367447,0.5028094624992699,-0.9296921346492708,-0.9527241305706121,2.6655436119014126,2.5199810192367993,0.15157879103240074,0.29261030260879173,0.5487630502968038,0.773960812080766,1.0520796561038608,1.5607861907697949,1.9984719601856569,0.1549061163723858,0.29336494266729224,0.5534143526796884,0.7624890980536702,1.0045750669266296,1.4688550389124986,1.8980504965573355
50.0,0.03871200000000008,0.08862000000000002,0.02567392561369745,0.02892790499487286,0.0562488271842273,-0.2041646725994898,-0.22998702509277988,0.4286959759739298,0.42163464012130647,-0.7951985818359762,-0.8874248328938846,2.196312675906812,2.29547780445572,0.23993486014815707,0.38755946074984937,0.6368298424755386,0.8452402758446491,1.0946007909176716,1.5232122027238795,1.8738056064992377,0.2206403275545231,0.37443336332489974,0.6363495352401848,0.8272097404760412,1.048259477000132,1.461229111873659,1.8028657280182097
60.0,0.045354000000000005,0.11416811112244472,0.022356888495532048,0.014622940494904334,0.05375540855484623,-0.16976659266152672,-0.14971427137925578,0.3414915554426283,0.32621999704805665,-0.6805022904942472,-0.8652891172206902,1.6806331184228078,2.0728807797969537,0.32607472279514194,0.46717553210379015,0.6893193113671446,0.8665690138945173,1.0673989232885028,1.398073883507815,1.6597807269416036,0.33012076469850193,0.47903034516559606,0.7186726486838014,0.8946978059798774,1.0750644584935685,1.3629103870931139,1.6066480085258952
70.0,0.04282399999999997,0.14399555749525467,0.02391756738298138,0.007634746980231196,0.11845928275838744,-0.13943720258848102,-0.13971492089310092,0.27137064506195296,0.24087000076020923,-0.6101728593742929,-0.6772484708332291,1.1423256012537308,1.5218698150657746,0.41057457413620096,0.540365547862954,0.739722970633992,0.8895429842176681,1.0489837145020648,1.3012828780365322,1.4913154842643406,0.4364014137004532,0.5677218303310296,0.7580281094210962,0.8889678776381547,1.0227701180788342,1.2343663068328372,1.4205722187077559
80.0,0.052721999999999936,0.11244909659354554,0.02192452562931252,0.021167987096039866,0.05647519541389303,-0.043505704164298824,-0.06292387287278936,0.21675280273823314,0.2060745926106207,-0.5711836279449817,-0.4644160310150878,0.7435641410747023,0.7484594125800568,0.5275430834776845,0.6527391068032672,0.8395862377661385,0.9753348934990029,1.11510241465618,1.3184149198297022,1.465125744911147,0.5397367363328718,0.6576750927029881,0.8268839831776233,0.951661859746036,1.0828534946297026,1.2819301658508202,1.4385379727901173
