step,d_loss,g_loss,w_dist,elapsed_s
500,-9.4842,-29.2588,10.4774,105.4
1000,-7.7489,-0.6445,9.6354,210.4
1500,-10.5146,30.7310,12.7254,315.4
2000,-7.5255,12.7711,8.7895,420.3
2500,-7.3947,3.8597,9.8921,525.2
3000,-7.1952,4.7744,8.3600,630.2
3500,-7.3120,4.9755,8.5532,735.2
4000,-7.2902,7.6052,8.9076,840.0
4500,-5.2644,-2.5342,6.4742,945.0
5000,-6.6110,-1.6637,8.2524,1050.1
5500,-6.2812,9.0271,6.7710,1155.1
6000,-7.2196,20.3892,8.2009,1260.3
6500,-5.8595,21.2149,6.8831,1365.1
7000,-6.3797,1.3658,6.8379,1470.0
7500,-7.5388,13.0112,8.2074,1575.0
8000,-6.0422,3.9791,7.3466,1679.7
8500,-4.8309,10.6051,5.6270,1784.8
9000,-4.4513,11.8955,6.3350,1890.0
9500,-6.5210,19.9680,7.0457,1994.8
10000,-7.4574,7.4241,8.0626,2100.1
10500,-6.2819,0.5545,7.2085,2204.9
11000,-7.0278,10.5797,8.1642,2310.0
11500,-7.1356,15.1688,8.0164,2414.8
12000,-7.0240,6.0572,7.9678,2519.9
12500,-7.2536,8.2210,7.9147,2625.0
13000,-6.5376,11.7399,7.4150,2729.7
13500,-8.1685,3.7492,9.3587,2834.7
14000,-6.2683,15.6978,7.6624,2939.7
14500,-7.2122,0.8892,8.1652,3044.6
15000,-6.7666,10.0821,7.7745,3149.5
15500,-5.4540,4.1857,5.7932,3254.5
16000,-6.5066,23.7918,8.4614,3359.8
16500,-6.0025,21.4371,7.1091,3465.0
17000,-5.7999,18.8416,6.7264,3570.6
17500,-7.3064,10.2262,8.4200,3676.1
18000,-5.3368,12.3613,6.1880,3781.4
18500,-7.3671,7.6717,7.9054,3886.4
19000,-7.0931,13.4614,8.8212,3991.2
19500,-5.7066,12.1582,5.9743,4096.2
20000,-7.9836,5.7356,9.0152,4201.3
20500,-5.8111,12.4813,7.5638,4306.5
21000,-7.2746,17.8283,8.1682,4411.2
21500,-5.9795,16.3293,7.2542,4516.2
22000,-6.6428,20.8851,7.3033,4621.1
22500,-7.1279,11.3649,7.5784,4726.0
23000,-6.1966,14.7454,7.3353,4830.8
23500,-6.5345,12.7963,7.4667,4935.9
24000,-6.1814,21.7767,7.6002,5041.2
24500,-6.3016,16.7834,7.0892,5146.3
25000,-5.1964,15.2421,6.4144,5251.2
25500,-6.8361,20.7970,8.3758,5356.2
26000,-6.9504,33.4657,8.0942,5461.3
26500,-6.6523,20.5132,7.1783,5566.1
27000,-5.6407,29.1323,6.7561,5671.1
27500,-5.8926,31.4801,7.2516,5775.9
28000,-5.4683,30.7688,6.4810,5880.7
28500,-4.9214,21.8918,6.6594,5985.6
29000,-6.0350,25.7599,6.7630,6090.2
29500,-6.6561,25.6499,7.6058,6195.0
30000,-6.9679,24.4718,8.2106,6299.8
